Attack Index,Bracketed Words,Original Text (Cleaned)
1,"[A, person, Date, Birth, Date, Death, American, diplomat, Africa, Officer, This, person, position, date, 1990, date, 1994, This, person, Bachelor, Arts, BA, prestigious, university, Arts, MA, another, university, This, person, enrolled, period, person, positions, United, Nations, This, person, person, married, Maryland]","A person (Date of Birth – Date of Death) was an American diplomat, U.S. Ambassador to a country in Africa, and Foreign Service Officer. This person was appointed to that position on a date in 1990 and left the post on a date in 1994. This person received a Bachelor of Arts (BA) degree from a prestigious university and a Master of Arts (MA) degree from another well-known university. This person was enrolled in the U.S. Army for a period in the late 1950s. This person served many positions such as the Director of United Nations Political Affairs at the U.S. Department of State. This person was a Foreign Service officer in various cities around the world, as of a year in the early 1960s. In addition, this person served as an executive assistant to the executive vice president of a corporation in New York City for a period in the early 1960s, and in personnel and labor relations for a corporation in a city in the United States from a period in the late 1950s to early 1960s. This person was married, had children, and resided in a city in Maryland."
2,"[Danny, 1942, American, racing, Ongais, native, A, motorcycle, competitor, 1963, 1964, National, Dragster, Ongais, nicknamed, Hawaiian, Formula, Ongais, In, 1996, Ongais, Ongais]","Danny Ongais (born May 21, 1942) is a retired American racing driver. Ongais is the only native Hawaiian to compete in the Indianapolis 500. A motorcycle, sports car, Formula One, and drag racing competitor, he won the American Hot Rod Association AA Gas Dragster Championship in 1963 and 1964, and in the National Hot Rod Association AA Dragster championship title in 1965. A flamboyant figure on the racing circuit, Ongais was nicknamed \""On-Gas\"" and \""The Flyin' Hawaiian.\"" In Formula One, Ongais in six Grands Prix, debuting on October 2, 1977, and recorded a best result of seventh. In 1996, at the age of 54, he served as the substitute driver for Scott Brayton in the Indianapolis 500, as Brayton had died in a crash while practicing shortly before the race. Starting last, Ongais finished 7th in what was his final 500. At the 1981 Indianapolis 500, Ongais was involved in a near-fatal wreck, which caused several arm and leg fractures as well as internal injuries. Four years later, at the Michigan 500, he spun on the exit of turn two and barrel-rolled down the back straight, during a race which had several crashes throughout its duration."
3,"[Nigel, player, Europe, attended, C, years, basketball, averaged, averaged, 17ppg, earned, Alabama, University, played, away, freshman, 6, mpg, mpg, 12, Junior, played, 29, averaging, 22, minutes, per, game, Senior, year, played, 24, Moore, went, play, basketball, Germany, directly, He, played, three, consecutive, years, two, years, TV, Lich, one, season, Giessen, 2006, Rochester, Razorsharks, ABA, Moore, returned, Germany, following, season, Goettingen, BBL, He, left, He, picked, Team, helped, stay, Top, League, Moore, returned, Germany, play, BG, Karlsruhe, 2008, 2009, Returning, Moore, played, top, league, Finland]","Nigel Moore (born September 11, 1981) is an American professional basketball player currently playing in Europe. Moore attended Joseph C. Wilson Magnet High School. He played four years of high school basketball(one freshman, one junior varsity and two varsity seasons). His junior year he averaged 12 points per game along with 8 rebounds. Senior year he averaged 17ppg 13 rpg and 4bpg. Moore earned an academic scholarship to Alabama A&M University in 1999. Moore played right away in college as a freshman. Appearing in 27 games, 6.9 mpg. His sophomore season he appeared in 25 games, 16 mpg, starting in 12 of those games. Junior year he played in 29 games averaging 22 minutes per game. Senior year he played in 27 averaging 24 minutes. Moore went on to play professional basketball in Germany directly after college. He played three consecutive years there (two years for TV Lich, and one season for the Giessen 46ers). 2006 in Rochester for the Razorsharks of the ABA. Moore returned to Germany in the following season for Goettingen in the BBL. He left mid-season and He was picked up by Team Componenta in Finland where he helped them stay in the Top League. Moore then returned to Germany to play for BG Karlsruhe in the 2008–2009 season. Returning to basketball in 2010, Moore played for Korihait in the top league of Finland."
5,"[Macdonald, Mac, Benson, Canadian, Horse, trainer, A, horses, trained, Mac]","Macdonald \""Mac\"" Benson (born June 30, 1930 in Wilmington, Delaware) is a Canadian Horse Racing Hall of Fame trainer. A resident of Woodbridge, Ontario, Benson came to Canada in 1978 to train for E. P. Taylor's renowned Windfields Farm. Since then, horses trained by Benson have won ten Sovereign Awards and four Canadian Classics. Mac Benson embarked on his professional training career in 1958 and began by working for prominent Delaware Thoroughbred owner, William du Pont, Jr. He later would operate a public stable, racing at tracks in Delaware, New Jersey, and Maryland. Among his clients in the early 1970s was another duPont family member, Bayard Sharp, who was a founding director of Delaware Park Racetrack and a former president of The Blood-Horse Inc. magazine. In 1976, Benson was offered a job by the head of operations for Windfields Farm who raced in Canada and the United States, and who maintained breeding operations in Maryland and Ontario. Settling in the Toronto area in 1978, Mac Benson met with instant success as head trainer of the E. P. Taylor racing stable. He remained with Windfields Farm through the death of E. P. Taylor in 1989 and would later train for American George W. Strawbridge, Jr. and Robert J. Costigan of Vancouver, British Columbia. Still active in 2009, at age 76 Mac Benson trained Costigan's filly, Arravale, to 2006 Canadian Horse of the Year honors. In 2002, Mac Benson was inducted in the Canadian Horse Racing Hall of Fame."
6,"[Jim, 1977, lacrosse, Moss, Jim, founded]","Jim Moss (born March 3, 1977 in Toronto, Ontario) is a former professional lacrosse player. Moss was named the National Lacrosse League's Defensive Player of the Year in 2003. Entered into the Brampton Sports Hall of Fame in 2007 as well as the Canadian Lacrosse Hall of Fame as a member of Team Canada in 2007. In 2012, Jim founded \""The Smile Epidemic\"", an online gratitude project where individuals share photos of what has made them smile throughout their day. The project has gone viral, with participants from over 450 cities and 200 countries around the globe. Since this time The Smile Epidemic Inc. has launched Plasticity Labs of which Mr Moss is the Chief Happiness Officer (CEO). Plasticity is a research and technology platform that develops the psychological skills that drive happiness to 1 billion people. Plasticity works small and large enterprises (TD Bank, Lululemon) to help build workplace cultures that can be both high performing and deliver happiness to employees and customers. Plasticity is founded in Positive and Social Psychology principles and uses a behavioral reinforcement approach when training individuals online. Plasticity has raised $1.5M CDN to date, has secured roughly $750K in ARR in its three years of operations. Articles about Plasticity's research findings have been published in the Harvard Business Review and the company recently has recently launched its first book \""Unlocking Happiness at Work\"", authored by co-founder and wife Jennifer Moss. in 2015 Canadian Business Magazine featured Moss and his cofounders on their cover as they were named 2015 Innovators of the Year"
8,"[A, person, 20th, This, individual, resides, 2000s, individual, Their, prominent, fashion, 2000s, well-known, location, major, art, spring, summer, themes, traditional, sports, adventure, climbing, mountainous, fall, winter, year, This, fashion, differing, previous, showings, spring, summer, featured, unique, challenging, wear, even, person, final, fashion, appear, distinctive, bra, iconic, song, played]","A person (born in the late 20th century) is a fashion designer from North America who owns a clothing brand. This individual resides in a large North American city. In the late 2000s, this individual won a significant fashion design competition. Their collection from this event was showcased at a prominent fashion event. In two consecutive years in the late 2000s, the designer began the showings of their collections before the official start of the fashion week, presenting their work at a well-known location of a major art gallery. Their spring/summer collection in one of those years combined themes of traditional sports and adventure. Themes of city life and climbing in a mountainous region were the focus of their fall/winter collection in the same year. This collection was displayed at the same prominent fashion event, differing from the designer's previous seasons' off-site showings. At the next year's fashion week, their spring/summer collection featured unique swimwear that critics described as ""challenging for the models to wear, and even more so for the average person."" During the final fashion show of that year's event, the designer had a model appear wearing a distinctive bra as an iconic song played."
10,"[Thomas, Keller, American, chef, restaurateur, landmark, Napa, Valley, restaurant, California, In, 2005, American, chef, currently]","Thomas Keller (born October 14, 1955) is an American chef, restaurateur, and cookbook writer. He and his landmark Napa Valley restaurant, The French Laundry in Yountville, California, have won multiple awards from the James Beard Foundation, notably the Best California Chef in 1996, and the Best Chef in America in 1997. The restaurant is a perennial winner in the annual Restaurant Magazine list of the Top 50 Restaurants of the World. In 2005, he was awarded the three star rating in the inaugural Michelin Guide for New York for his restaurant Per Se, and in 2006, he was awarded three stars in the inaugural Michelin Guide to the Bay Area for The French Laundry. He is the only American chef to have been awarded simultaneous three star Michelin ratings for two different restaurants. He currently holds 7 Michelin stars total: 3 at Per Se, 3 at The French Laundry, and 1 at Bouchon."
11,"[Peter, Cunningham, Canadian, Champion, Hall, Fame, boxer, writer, Rated, greatest, He, retired, 1996]","Peter \""Sugarfoot\"" Cunningham is a retired Canadian undefeated 7-time World Champion Hall of Fame kickboxer, boxer, martial artist, actor and book writer. Rated by experts as one of the greatest full contact fighters of all time, Sugarfoot was a superb technician who possessed high fighting I.Q. and lightning speed. He retired from kickboxing in 1996 with a record of 50-0-1, having avenged the only draw of his career. Cunningham's skills in the ring have been praised by many Martial Arts legends, including Benny \""The Jet\"" Urquidez, Bill \""Superfoot\"" Wallace, Chuck Norris, Dan Inosanto, Rigan Machado, Don \""The Dragon\"" Wilson and many others. Cunningham maintained a high level competition throughout his career as most of his opponents were either current or former champions. In 1998 in San Jose, California, Peter was honored as the inaugural inductee in the I.S.K.A. Hall of Fame. Cunningham's nickname \""Sugarfoot\"" is a combination of the names of two great fighters in boxing and kickboxing that his style most resembled, \""Sugar\"" Ray Leonard and Bill \""Superfoot\"" Wallace, and it was given to him by his peers at his first dojo in Edmonton, Canada while he was still a teenager. Peter's World Titles included the W.K.A (World Karate Association) Lightweight, Super Lightweight and Junior Walterweight World Titles, the K.I.C.K. (Karate International Council of Kickboxing) Super Lightweight Title, the I.M.F. (International Muay Thai Federation) Junior Welterweight Title, the W.M.A.C World Junior Welterweight Title, and the I.S.K.A. (International Sport Karate Association) Light Welterweight World Title. Sugarfoot is also an actor and has appeared in TV series such as Kung Fu: The Legend Continues and CSI, and in movies such as No Retreat, No Surrender (1986) and The Fighter (2010). After retiring from competition Sugarfoot transitioned into becoming a successful trainer. His time is split between training professional fighters and teaching boxing and kickboxing to kids and adults. Peter has trained many amateur and professional world champions as well as numerous well-known celebrities. Cunningham has written two books, the first of which, a kickboxing training manual \""Civilized Warring\"", was published in 1995. He co-authored his second book, \""Testimonials of a Legendary Champion\"" in 2013."
13,"[Walter, Gould, Yorkshire, English, former, professional, footballer, nearly, He, Wally, arrived, He, He, time]","Walter \""Wally\"" Gould (born 25 September 1938 in Thrybergh, near Rotherham, South Yorkshire) is an English former professional footballer who made nearly 300 appearances and scored 71 goals in the Football League playing as a winger or forward for Sheffield United, York City and Brighton & Hove Albion. He later played for Durban United and Hellenic in South Africa. Wally Gould arrived on the Stoke City coaching staff at the start of the 1977–78 season to team up with George Eastham who had become manager. He was reserve team coach when Cyril Lea resigned in New Year 1980. Wally then stepped up to be number two to Alan Durban. He subsequently served Richie Barker when he became manager, but left in March 1982. There were rumoured to be differences between Gould and some of the senior players at this time, with one `training ground incident` resulting in Ray Evans, the captain, being suspended for two weeks. Days later Gould was replaced by Bill Asprey."
16,"[Alex, Mexican-American, comedian, actor, featured, 2007, ALMA, Awards, family, Texas, United, States, two, twenty-two, Kentucky, seven, years, married, two, children, boy, girl, one-hour, special, aired, Comedy, Central, 2007, called, Alex, Hick-Spanic, also, featured, Showtime, The, Original, Latin, He, ALMA, special, Hick-Spanic, brother-in-law, Ron, White]","Alex Reymundo is a Mexican-American comedian and actor, who was featured on the 2007 ALMA Awards. He was born in Acapulco, Mexico, where he lived until his family moved to Texas in the United States where lived from the age of two to twenty-two. He lived in Kentucky for seven years. Reymundo is married and has two children, a boy and a girl. Reymundo had a one-hour special that aired on Comedy Central in 2007 called Alex Reymundo Hick-Spanic: Live in Albuquerque. He was also featured in the Showtime and Comedy Central special The Original Latin Kings of Comedy along with other Latin comedians such as George Lopez and Paul Rodriguez. He received an ALMA Award in 2008 for \""Outstanding Comedy Special\"" for his one-hour comedy special \""Alex Reymundo Hick-Spanic, Live in Albuquerque.\"" He is currently opening up for fellow comedian (and brother-in-law) Ron White on his tour. His sister is Margo Rey."
17,"[A, person, This, individual, individual, This]","A person (born in the mid-20th century) is a photographer from the United States who specializes in a certain type of portrait photography. This individual began working for a prominent magazine in the latter part of the 20th century and was among a select group of photographers responsible for the magazine's feature photographs. Raised in a major U.S. city, they attended local educational institutions. They completed their education at an arts academy and a notable photography institute in the latter part of the 20th century. After starting as an apprentice at the magazine, this individual worked alongside other key photographers at the magazine's studio. During their educational tenure, they mastered the use of a specialized camera, which was instrumental in producing the magazine's elaborate feature spreads. Striving for the highest quality in these spreads, the magazine employed a particularly large camera. The necessity to illuminate a large film format led this person to become adept in complex lighting arrangements, often involving multiple lighting units. As technology progressed from film to digital, they adapted their methods to continue creating images with precision lighting. This individual compares their method to a painter's, with each light serving as a brush stroke to gradually compose the final picture. No longer employed by the magazine, their final feature project was with a model for a year-end issue. They now reside in a Californian city."
18,"[Thomas, Codrington, British, engineer, Codrington, Macadamised, Codrington's, work, Roman, 1903, first, Roman, The, edition]","Thomas Codrington (1829, Wroughton, Wiltshire - 1918) was a British engineer and antiquarian of the late Victorian era. With a career background as an Inspector for local government, he published several known works. First was Report on the Destruction of Town Refuse, published by Her Majesty's Stationery Office in 1888. This was only a short pamphlet of 48 pages, including illustrations of furnaces in use at the time. Codrington went on to write the slightly more substantial 172 page work The Maintenance of Macadamised Roads in 1879, published by E. & F.N. Spon. However, by far Codrington's most famous work was also one of his last. Roman roads in Britain, published originally in 1903, was the first attempt by any author to catalogue fully the evident remains of the Roman transport network in the United Kingdom. Several further editions were subsequently published, and indeed reprinted. The last of these was a reprint of the 3rd edition in 1928."
20,"[Sunaura, Taylor, March, 21, 1982, American, painter, She, currently, resides, Oakland, California, taught, classes, University, California, Berkeley, born, Tucson, Arizona, Taylor's, work, displayed, Smithsonian, important, galleries, across, United, States, She, recipient, 2008, Joan, Mitchell, Award, In, 2004, received, Grand, Prize, arts, Driving, juried, exhibition, emerging, disabled, artists, A, work, deals, animal, rights, issues, Taylor, abolitionist, Taylor, born, She, Disability, Marxist, Review, TCE, full-color, publication's, National, Flagpole, argued, February, filmmaker, Astra, appeared, 2008]","Sunaura \""Sunny\"" Taylor (born March 21, 1982) is an American painter and activist for disability and animal rights. She currently resides in Oakland, California, and has taught classes at the University of California, Berkeley. She was born in Tucson, Arizona. Taylor's work has been displayed in the Smithsonian and in other important galleries across the United States. She is the recipient of a 2008 Joan Mitchell Foundation Award. In 2004, she received the Grand Prize in the VSA arts Driving Force juried exhibition for emerging disabled artists. A portion of her work deals with animal rights issues, as Taylor is an abolitionist vegan. Taylor was born with arthrogryposis, and uses a wheelchair. She is active in the Society for Disability Studies and has participated in marches for disability rights. Her work on the disability rights movement has appeared in the Marxist magazine Monthly Review, and her Self Portrait with TCE was the first full-color image ever printed in the publication's long history. She has been featured on All Things Considered on National Public Radio, and the Georgia Public Television series State of the Arts. Her work has also been featured frequently in Flagpole Magazine in her home town, Athens, Georgia. Taylor argued her position against animal products in her February 17, 2009 article titled \""Is It Possible to Be a Conscientious Meat Eater?\"". Taylor is also the sister of the filmmaker Astra Taylor, and appeared in her 2008 film Examined Life alongside philosopher Judith Butler."
22,"[Chris, English, male, tennis, director, chairman, On, appointed, ATP, chairman, Drewett, His, three-year, ATP, involved, Following, Kermode, ATP, Kermode, appointed, Lawn]","Chris Kermode (born 13 January 1965) is a retired English male tennis player, a former tournament director and the current executive chairman & president of the Association of Tennis Professionals (ATP). On 20 November 2013 Kermode was appointed as the ATP executive chairman & president to succeed Brad Drewett who died of an illness in May 2013. His three-year term started on 1 January 2014, and he is based in the ATP’s London office. Kermode has been involved in tennis for more than 30 years. Following his modest career as a professional player from 1985 to 1988, Kermode worked in London as a tennis coach and later served as the tournament director of the Queen's Club Championships. From 2008 to 2014 he has been the managing director of the ATP World Tour's season-ending event ATP World Tour Finals. In addition Kermode has worked in the music and film business. Before being appointed by the ATP Kermode applied for the position of chief executive at the British Lawn Tennis Association (LTA) but was not selected."
24,"[Akira, Masuda, born, May, 1962, Japanese, Kyokushin, kaikan, In, 1991, kumite, supervised, Mas, Oyama, He, Kanazawa, Ishikawa, captain, school, judo, club, When, 16, Kaikan, Ishikawa, Dojo, 19, years, first, All, Japan, Japan, Gerard, Michael, Thompson, Andy, Hug, unable, walk, 1990, gold, medal, All, second, He, Kaikan, Dojo, In, 2007, book, Freestyle, 2009, published, Go, Budojin, Ikiru]","Akira Masuda (born May 22, 1962) is a Japanese Kyokushin kaikan karateka. In March 1991 he completed the 100 man kumite supervised by Mas Oyama. He was born in 1962 in Kanazawa, Ishikawa prefecture, Japan. In junior high school he was captain of the school judo club. When he was 16 years old he joined Kyokushin Kaikan Ishikawa Dojo. At 19 years old he made his debut in his first All Japan Tournament. He remained a top athlete in Kyokushin All Japan Tournaments, going on to beat Michel Wedel, Gerard Gordeau and Michael Thompson. He fought and lost to Andy Hug however Hug was unable to walk after the fight. In 1990 he won a gold medal in the 22nd All Japan Kyokushin Tournament. and in 1991 he placed second in the 5th World Karate Tournament. He is the shihan of Kyokushin Kaikan Masuda Dojo. In 2007 Masuda published the book \""Freestyle Karate\"" and in 2009 he published \""Masuda Akira - Go, Budojin toshite Ikiru\""."
25,"[Jamal, Taslaq, 1970, high, fashion, designer, living, working, born, Palestine, 1970, studied, His, success, started, Rome, Since, March, success]","Jamal Taslaq (born 1970) is a Palestinian high fashion designer living and working in Italy. He was born in Nablus, Palestine, in 1970, studied in Italy, and has become one of the top Rome High Fashion designers of the new era. His success started with his inaugural Rome High Fashion Show in the year 2000. Since then, every high fashion show in Rome has been wildly successful, including the latest in March 2011. He is held in esteem across boundaries and oceans and his clients are found in three continents. His success is due to his talent of uniting the colours of the Mediterranean with the refinement of the “Made in Italy” creating a style that is unique in the world, and to his way of dressing not only the body but also the soul of woman. He has been invited across the globe to show his creations: Jordan, Dubai, California, Morocco, Romania, Palestine, Azerbaijan and many locations in Italy, from Milan to Sicily. He has participated and received awards at: Fashion for Peace, Fashion in the Mediterranean, Fundraising for the needy, UNICEF fashion show for the children. Selected exhibitions where his work has been presented \n*  Apr. 2011 – Ramallah, Palestine \n*  Dec. 2010 – Marrakech, Morocco - fashion Day Morocco during Festival International du Film de Marrakech \n*  Apr. 2010 - Amman, Jordan - High Fashion Show at Four Seasons Hotel \n*  Feb. 2009 – Rome, Italy - High Fashion Show \n*  Dec. 2009 - Sorrento, Italy – In the setting of the High life of Italy \n*  Nov. 2009 – Kuala Lumpur, Malaysia - in the presence of the King and Queen \n*  Jun. 2009 – Florence, Italy - Fashion Show \n*  Feb. 2008 – Rome, Italy, AltaRoma AltaModa High Fashion Show He has dressed famous Italian singers on television and prime concerts and festivals."
26,"[Dallas, Kinney, born, 1937, Buckeye, Iowa, photojournalist, photographs, As, newspaper, journalist, Dallas, started, photojournalist, acclaimed]","Dallas Kinney, born in 1937 in Buckeye, Iowa, is a photojournalist who won the 1970 Pulitzer Prize in photography for his photographs of Florida migrant workers for The Palm Beach Post. As a newspaper journalist, Dallas has also worked for the Washington Evening Journal in Washington, Iowa, The Dubuque Telegraph Herald, in Dubuque, Iowa, The Miami Herald in Miami, Florida and the Philadelphia Inquirer in Philadelphia, Pennsylvania. Dallas started his photojournalism career as a student of famous nature photographer Ansel Adams in Carmel, California. Kinney has a passion for and continuing desire to create \""Ansel Adams-like\"" photographs as they exist in current times. Among his other awards as a photojournalist, Kinney was the recipient of the following awards: Pulitzer Prize for Photojournalism, Robert F. Kennedy Journalism Award, World Press Association/Photojournalism, National Press Photographers Association Regional, Iowa News Photographer of the Year, Florida News Photographer of the Year. He is most acclaimed for his poignant pictures of Florida migrant workers entitled \""Migration to Misery\"" and the tragic \""Martin Luther King Assassination\"". Dallas now resides with his wife Martha near the North Georgia mountain town of Dahlonega."
27,"[Emily, Marie, Mahoney, September, 1924, 2016, 1947, 1948, Baseball, League, Born, Houston, Texas, Marie, twelve, Red, color, fourth, outfielder, Indiana, teams, played, league, Mahoney, began, playing, softball, nine, also, tennis, After, graduating, led, She, found, She, ending, triples, She, opened, South, Bend, Fort, Daisies, time, help, batted, Mahoney, She, Eastman, technician, 32, years, retiring, She, diagnosed, breast, cancer, 1993, treatment, returned, daily, Women, permanent, based, Cooperstown, York, unveiled, 1988, honor, All-American, Professional, Casey, induction, 2006]","Emily Marie Mahoney (September 21, 1924 – January 23, 2016) was an outfielder who played from 1947 through 1948 in the All-American Girls Professional Baseball League. Listed at 5' 3\"" (1.60 m), 135 lb. (61 k), she batted and threw right-handed. Born in Houston, Texas, Marie Mahoney was the only Houstonian to play in the AAGPBL during its twelve years of existence. ״Red״, as teammates called her for her hair color, served as fourth outfielder for the two Indiana teams as long as she played in the league. Mahoney began playing softball at age nine. She also competed in basketball, tennis and volleyball, before joining a women's softball team when she turned 16. After graduating from San Jacinto High School, she continued her excellence on the diamond as she became a perennial Texas state ASA all-star, who led her teams to several state championships. She was primarily a pitcher, and after a brief stint at third base, she found her permanent home in the outfield. Thanks to a recommendation by fellow AAGPBL catcher Mary Baker, Mahoney became one of two hundred players to attend the first AAGPBL spring training outside the United States, which was held in Cuba at Gran Stadium de La Habana before the 1947 season. She made the grade and was assigned to the South Bend Blue Sox. In her rookie season, Mahoney hit a .204 average and a .340 of slugging in just 47 games, while ending fifth in triples. She opened 1948 with South Bend but was traded to the Fort Wayne Daisies during the midseason, just in time to help her team reach the playoffs. She batted a combined .140 in 56 games, and went 1-for-5 in two postseason contests. Mahoney later played softball in Houston. She also worked for Eastman Kodak as a microfilm technician during 32 years, retiring in 1983. She was diagnosed with breast cancer in 1993, but recovered after treatment and returned to her daily life without any difficulty. She is part of Women in Baseball, a permanent display based at the Baseball Hall of Fame and Museum in Cooperstown, New York, which was unveiled in 1988 to honor the entire All-American Girls Professional Baseball League. In addition, Casey Candaele, former Houston Astros infielder and son of AAGPBL star Helen Callaghan, introduced her for induction into the Texas Baseball Hall of Fame in 2006. Other AAGPBL from Texas were inducted during the ceremony, Alva Jo Fischer and Ruth Lessing, both natives of San Antonio. An accomplished bowler for 30 years, Marie Mahoney resided in Houston and worked part-time at a local golf course. She died in 2016 at the age of 91."
28,"[Andrew, born, 26, February, professional, tennis, player, Milton, Keynes, Andrew, England, Delhi, Champion, brother, made]","Andrew Baggaley (born 26 February 1983 in Northampton) is a professional table tennis player from Milton Keynes. Andrew Baggaley is England's leading table tennis medal winner of all time in the Commonwealth Games winning 2 gold medals in Manchester, England (2002), 1 silver medal in Melbourne, Australia (2006), 1 silver and 1 bronze medal in Delhi, India (2010) and 1 silver in Glasgow, Great Britain. He is also World Champion 2015 of Ping Pong, after beating reigning champion Maxim Shmyrev in the semi-final and Alexander Fleming in the final. He started playing the sport with his mother Yvonne in the back garden of the family home in Milton Keynes in the Summer of 1987 aged 4 and has been coached almost exclusively by his brother Stephen Baggaley throughout his career. He is a triple English Men’s Singles National Champion by winning the senior title in Sheffield in 2002, 2008 and 2010. At the time, his 2002 victory aged just 19 was the youngest winner of the Men’s Singles National Title for 40 years and he is still only one of 3 teenage winners of the title. He also became the youngest ever British Men’s Singles Champion aged 15 when he won the British Home Countries Title in Oban, Scotland (1998). Andrew Baggaley became Britain’s youngest ever professional table tennis player by signing terms to play for Brussels-based Belgian National League team TTC Logis Auderghem aged 13 (1996). He has subsequently played in national leagues across Europe including Germany, Sweden and Spain. Andrew Baggaley made his England Junior International début aged 12 in the European Cadet (Under 14) Six Nations Championships in Soham (1995), and went on to win European Youth Medals at both Cadet and Junior (Under 17) categories; England’s first medals at these prestigious events for almost a decade. He made his England Senior International début at the French Open in 1997 aged 14 and also represented England at the 44th World Table Tennis Championships in Manchester, England later that year. Baggaley has won 23 English National Junior titles and has been ranked England number 1 in every age group (Under 10,11,12,14,17,21) culminating in becoming England number 1 senior aged 20 (2003), the youngest at the time for 20 years. Baggaley has defeated many world-class players from both Europe and Asia including victories over Peter Karlsson (Sweden) and Jean-Michel Saive (Belgium) both former European Singles Champion, Chiang Peng-Lung (Chinese Taipei) the former Asian Singles Champion, Gao Ning (Singapore) the Asian Cup champion and Jörgen Persson (Sweden) the 1991 World Champion. In November 2011 Andrew Baggaley officially became the highest-ranked British player on the ITTF ranking list with a World Ranking of 142. Andrew Baggaley was the Table Tennis motion capture actor for the Xbox 360 game Kinect Sports. He was a Bid Ambassador for the London 2012 Olympics where he was selected to play in the Team GB Table Tennis team."
31,"[John, McBride, American, Major, League, Baseball, player, Philadelphia, Pennsylvania, star, pitcher, player-manager, Philadelphia, National, Association, 1871, 1875, Cap, Anson, took, player-manager, remaining, season, He, wins, period, In, 1871, went, 18-5, Philadelphia, NA, McBride, major, league, career, 1876, National, Association, He, 0-4, career, McBride, Philadelphia, age, interred, Cemetery, Pennsylvania, In, 1864, 3-day, Brooklyn, north's, baseball, Brooklyn, events, territory, presence]","John Dickson \""Dick\"" McBride (June 14, 1847—January 20, 1916) was an American Major League Baseball player from Philadelphia, Pennsylvania, who was the star pitcher and the player-manager for the Philadelphia Athletics of the National Association from 1871 through most of 1875 until Cap Anson took over as player-manager for the remaining eight games of the season. He had a pitching record of 149 wins and 74 losses during that period. In 1871, he went 18-5 and led Philadelphia to the NA championship. McBride finished his major league career in 1876 when he was signed by the Boston Red Stockings of the National League after the Association failed. He had a record of 0-4 before his career came to an end. McBride died in Philadelphia at the age of 70, and is interred at Lawnview Cemetery in Rockledge, Pennsylvania. In 1864, while serving in the Union Army during the Civil War, he was allowed to take a 3-day furlough to participate in a series of baseball exhibitions between clubs from Brooklyn and the local Philadelphia clubs. It was during this time that the north's attention had turned to military defense, not baseball, so Brooklyn strategically scheduled these events hoping to take advantage of the situation to get some well sought after wins in \""enemy\"" territory. The presence of McBride didn't do much, as all Philly teams were beaten soundly."
34,"[A, This, artist, They, The]","A comedian and musician of Middle Eastern origin, known by their humorous stage name, immigrated to a Scandinavian country at the age of two with their family and settled in a major city. This artist explored various dance genres including rumba, flamenco, rock, cha-cha-cha, ballet, and street dance, later working as a choreographer and dance instructor. In 2006, they were featured on a national television network's dance program, which is no longer running. They rose to internet fame following a 2007 interview where they expressed a preference for ""rumpa"" (buttocks) over breasts, making ""rumpa"" their signature catchphrase. They portrayed a roving reporter in a comedy TV show broadcasted on a national channel. That year, they also participated in the third series of a competitive television show. Their single entered the national Singles Chart, reaching the top 10. In a national song contest, they advanced past the Semi-final with a catchy tune but were ousted in the 'Second Chance' round, not making it to the final. Nevertheless, the track gained immense popularity, hitting number 3 on the official Singles Chart. Competing in the next year's edition of the contest with a different song, they performed in the semi-final at a renowned arena in a major city, securing 1st place and a spot in the final, ultimately placing 6th. The comedian's debut film was released in 2012 and received critical disapproval."
35,"[Peter, Borsari, Angeles, American-Swiss, His, endearing, charm, unparalleled, paparazzi, celebrities, actively, photographed, 1995, Peter, approximately, transparencies, negatives, contactsheets, images, consists, Archive, distinguishing]","Peter C. Borsari (1939 in Zürich - May 29, 2006 in Los Angeles) was an American-Swiss photographer. His endearing charm and impeccable reputation permitted him exclusive access and unparalleled cooperation from his subjects. The antithesis of today’s paparazzi, he was an invited guest at Hollywood’s premier events as well as celebrities’ personal parties and gatherings. Spanning Presley to Nixon, he actively photographed people, places and events from 1965 to 1995. Peter estimated his archive contained approximately two million images; including transparencies, negatives, prints and contactsheets. Roughly 80% of these images feature celebrities in the entertainment industry. The remainder consists primarily of prominentpoliticians (e.g. Nixon), athletes (e.g. Ali), events (e.g. Malibu fire), sports (e.g. Formula One) and travel destinations (e.g. Switzerland). The Peter C. Borsari Photographic Archive is unequaled in its breadth, exclusivity and sheer magnitude. Most distinguishing is Peter’s singular ability to capture his subjects in their best light."
36,"[Edgar, Laurence, Gray, 1906, August, 1996, Australian, track, cyclist, Gray, Goulburn, Wales, He, Dunc', dates, called, Dunc', later, Duncan', competitive, cycling, From, 1926, Australian, titles, Wales, titles, eight, occasions, NSW, trial, winner, He, medal, trial, 1928, Australia's, first, Olympic, Games, medal, cycling, At, Summer, Australia's, first, cycling, He, represented, Australia, Sydney, Australia, In, Gray, lived, movement, Melbourne's, 1996, Sydney's, The, Dunc, Sydney's, Sydney, The, bike, Gray, bicycles, manufactured, Australia, 1901, In, 1985, Gray, inducted, Sport, In, 2015, inaugural, Cycling]","Edgar Laurence \""Dunc\"" Gray (17 July 1906 – 30 August 1996) was an Australian track cyclist and Olympian. Gray was born in Goulburn, New South Wales. He was called 'Dunc', which dates back to school where he was called 'Dunc' and this was later was extended to 'Duncan'. He started competitive cycling with Goulburn Amateur Cycling Club around 1925. From 1926 to 1941 he won 20 Australian titles, 36 New South Wales titles, and 36 club championships. On eight occasions he was the NSW 1000m time trial and/or the 1000m sprint winner. He won a bronze medal for the 1000m time trial at the 1928 Summer Olympics in Amsterdam. This was Australia's first Olympic Games medal in cycling. At the 1932 Summer Olympics in Los Angeles he won Australia's first cycling gold in the same event, in world record time of 1m 13s. He represented Australia at the 1934 British Empire Games and won the 1000m time trial. At the 1938 British Empire Games in Sydney, he won the 1000m sprint. He was the flag-bearer for Australia at the 1936 Summer Olympics in Berlin and at the 1938 British Empire Games. In his last years, Gray lived in Kiama and supported the Olympic movement, including Melbourne's bid for the 1996 Summer Olympics and then Sydney's successful bid for the 2000 Summer Olympics. The Dunc Gray Velodrome at Bass Hill, in Sydney's western suburbs, was built for the 2000 Summer Olympics in Sydney and named after him. The Speedwell bike that Gray rode at the 1932 Summer Olympics is at the Dunc Gray velodrome. Speedwell bicycles were manufactured by Charles Bennett, a former Intercolonial Champion of Australia, who raced pennyfathings before Federation in 1901. In 1985, Gray was inducted into the Sport Australia Hall of Fame. In 2015, he was an inaugural Cycling Australia Hall of Fame inductee."
39,"[Wang, Yue, born, March, 1987, Chinese, chess, 17, China's, top, FIDE, World, highest-ever, rated, Chinese, peak, rating, 2756, August, 2015, Ding, Liren, Chinese, Jiangchuan, Aronian, Wang, Yue]","Wang Yue (born 31 March 1987) is a Chinese chess Grandmaster. In 2004, he became China's 18th Grandmaster at the age of 17. He is China's first player ever to break into the top 10 of FIDE World Rankings and was the highest-ever rated Chinese player, with a peak rating of 2756, until August 2015, when this record was broken by Ding Liren. In October 2007, Wang became the first Chinese player and third Asian player to cross the 2700 Elo rating mark. In October 2008, he became the World No. 11, the highest ranking a Chinese player has ever achieved, surpassing the previous record of 17th by Ye Jiangchuan set in 2000. In January 2010, he became the first Chinese world top-ten player with a world ranking of 9. His highest world ranking to date is No. 8 in the May 2010 rating list with a rating of 2752. In the FIDE Grand Prix 2008–2010, he was a last round victory over Teimour Radjabov away from joining Levon Aronian as an automatic qualifier for the Candidates Tournament of the World Chess Championship 2012 cycle; however, Radjabov secured a draw which allowed him to win the final qualifying position. Wang Yue was the top board of the gold medal-winning Chinese team at the 2014 Chess Olympiad."
41,"[A, 2, This, This, began, first, season, one-year, city, first-team, The, missed, promotion, national, cup, final, major, stadium, May, This, side, top, league, city, season, club, joined, another]","A person (born 2 September 1978) is a former footballer and currently is a player coach with a regional football club. This person has made over 450 first-team appearances, almost all in a national football league. This person began their career with a major football club in 1995, and progressed through the club's recognised youth academy. They played one game for the first club in the top national league, as a substitute during the latter stages of a season in the late 1990s. They were sent out on loan to a local club in the late 1990s, and was released on return to their parent club in the following year. They had brief spells with a club in Sweden and with another regional club, before rejoining the local club on a permanent basis in 2000. They left the club in November 2000, and had brief spells with two other regional clubs during the final months of the 2000–01 season. Ahead of the 2001–02 season, the person joined another regional club, where they were hugely successful; playing over 200 games and scoring a significant number of goals for the club during their five-year tenure with the side. When the club resigned from the league in 2006, they joined another regional club on a one-year contract, but was later loaned to another city club after struggling for first-team appearances. The person joined another club on a free transfer shortly before the 2007–08 season, as the club narrowly missed out on promotion to the top league in May 2008. They joined another club for an undisclosed fee in June 2008, scoring in a national cup final at a major stadium in May 2009. This person was also part of the side that won promotion to the top league the following season. They were released by the club in January 2011, and subsequently re-joined the city club in March of the same year. After just a few appearances for the club, the person joined another club for the rest of the 2010–11 season. They spent a further season at the club, before leaving following their relegation. In July 2012, the person joined another club. Mid-way through the 2012–13 season, they joined divisional rivals."
43,"[Sina, Samadi, better, known, stage, name, Sean, name, Swedish, comedian, musician, Iranian, family, immigrated, Sweden, years, resided, Gothenburg, Banan, took, lessons, rumba, rock, cha-cha-cha, ballet, He, worked, choreographer, dance, instructor, In, 2006, appeared, TV3's, defunct, became, immediate, internet, phenomenon, breasts, played, 2010, The, Kanal, Banan, took, Banan, Sverigetopplistan, 1st, Sean, Banan's, film]","Sina Samadi better known by his stage name Sean Banan (Banan means Banana, appears to be a pun of his name) is a Swedish comedian and musician of Iranian origin. His family immigrated to Sweden when he was just 2 years old and resided in Gothenburg. Banan took lessons in rumba, flamenco, rock, cha-cha-cha, ballet and street dance. He then worked as a choreographer and dance instructor. In 2006, he appeared on TV3's now defunct dance programme Floor Filler. He became an immediate internet phenomenon after appearing in an interview in 2007 after answering some questions about his preferences and said he preferred \""rumpa\"" (buttocks) to breasts. \""Rumpa\"" became a catch phrase he would use in many of his future gigs. He played a travelling reporter in the 2010 comedy television show Cirkus Möller that aired on TV4. The same year he took part in the Kanal 5's programme Djävulsrallyt in its third series. His 2010 single \""Skaka Rumpa\"" was released on 16 June 2010 and entered the Swedish Singles Chart at No. 13 in its first week, topping at No. 8 the following week. Banan took part in Melodifestivalen 2012 with \""Sean den förste Banan\"" that passed the Semi-final stage, but was eliminated in the \""Second Chance\"" round without reaching the finals. But despite this, the song proved very popular reaching number 3 on Sverigetopplistan, the official Swedish Singles Chart. In Melodifestivalen 2013 he took part with \""Copacabanana\"". After performing in the semi-final in Scandinavium, Gothenburg, he came 1st and qualified directly to the final, where he finished in 6th place. Sean Banan's first film Sean Banan inuti Seanfrika was released in 2012 and was panned by critics."
44,"[A, person, 20th, century, known, artist, major, United, States, Europe, individual, United, latter, 20th, century, They, academically, arts, painting, They, taught, color, understand, relationships, color, aspects, visual, Now, retired, individual, Their, equipped, located, populous, city, They, painted, sculptures, play, light, They, exhibitions, galleries, multiple, including, major, art, The, known, type, plastic, commonly, used, art, create, colorful, light-interactive, painted, pieces, An, untitled, piece, 20th, collection, art, museum, demonstrates, painted, works, institutions, galleries, cities, across, Europe, holding, artist]","A person (born in the 20th century), known as an artist, is based in a major city in the United States. Born in Europe, this individual has lived in the United States since their arrival in the latter half of the 20th century. They are an academically trained painter and were a faculty member at a university in the field of arts and design, specializing in painting. They taught theories of color to understand the relationships between color and various aspects of visual perception. Now retired, this individual focuses on their painting practice. Their studio, equipped for their artistic needs, is located in a populous city. They create painted sculptures that play with light. They have had solo exhibitions at galleries in multiple countries, including major art institutions. The artist is known for their work with a type of plastic that is commonly used in art to create colorful, light-interactive painted pieces. An untitled piece from the latter part of the 20th century, in the collection of an art museum, demonstrates the effect of these painted works. Several renowned art institutions and galleries internationally, including in cities across the United States and Europe, are among the public collections holding paintings by this artist."
45,"[A, person, born, 19th, century, architect, American, early, mid-19th, century, This, person, partner, 19th, century, county, England, early, 19th, century, This, person's, included, time, school, town, professional, England, North, America, 19th, century, first, town, Canada, city, significant, notable, west, central, wings, century, They, oversaw, incorporated, second, city, hall, century, This, city, towns, city, city, person, partner, century, city, city, England, century]","A person (born in the 19th century) was an architect who worked in a major North American city from c. the early to mid-19th century. This person was born to a military officer and a partner in the 19th century and moved to a county in England after the early 19th century. This person's education included time at a school in a town and subsequent professional training in England before they emigrated to North America in the early 19th century, living first in a town, Upper Canada, and then in a major city. One of this person's most significant contributions is a notable building, namely the west and central wings during the mid-19th century. They designed and oversaw the construction of the incorporated city's second city hall in the mid-19th century. This person's limited commissions outside of the major city, in other towns, were never as grand as their work in the major city. During their time in the major city, this person married a partner in the mid-19th century, and they left the city shortly after. This person is believed to have died in a city in England in the late 19th century."
47,"[Sunny, Fong, Canadian, In, competition]","Sunny Fong (born 1977) is a Canadian fashion designer who owns VAWK, a clothing brand. He lives in Toronto, Ontario. In 2009, he won the second season of Project Runway Canada. His collection from this competition was showcased at LG Fashion Week. In both 2009 and 2010, Fong began the showings of his collections before the official start of LG Fashion Week, showcasing his work at Walker Court of the Art Gallery of Ontario. His 2011 spring/summer collection combined the themes of bullfighting and safari. Urban culture and Malayan mountaineering were the themes of his 2011 fall/winter collection. This collection was showcased at LG Fashion Week, in contrast to Fong's previous few seasons' off-site showings. At the following year's LG Fashion Week, Fong's spring/summer 2012 collection featured monokinis that critics from The London Free Press called \""even a bit tough for the models to pull off, much less mere mortals.\"" During the final fashion show of that October's LG Fashion Week, Fong had a model appear wearing a gold bullet bra as Madonna's \""Justify My Love\"" played."
48,"[Sir, John, Boyer, Harding, British, civil, Harding, Christ's, Hospital, Guilds, College, 1918-19, cadet, Mowlem, tunnelling, work, Piccadilly, tube, expansion, Central, line, 1930s, Mowlem, introducing, geotechnical, processes, UK, Upon, outbreak, World, War, Harding, placed, charge, defence, emergency, repair, underground, services, London, He, built, concrete, petrol, barges, eight, Mulberry, Harbour, segments, used, Normandy, Landings, He, also, director, Soil, Mechanics, Mowlem, dedicated, work, geotechnics, After, Harding, involved, investigations, feasibility, construction, Channel, Tunnel, sat, tribunal, investigating, Aberfan, disaster, 1966, Harding, Engineers, chairman, British, Tunnelling, fellow, City, Guilds, London, Institute, fellow, Imperial, Fellowship, Engineering, governor, academic, Technical, College, Northampton, Imperial]","Sir Harold John Boyer Harding (6 January 1900 – 27 March 1986) was a British civil engineer. Harding was educated at Christ's Hospital and the City and Guilds College (part of Imperial College London), interrupting his studies 1918-19 with a one-year period spent as a cadet in the Officers' Training Corps. Following graduation Harding worked for Mowlem where he specialised in tunnelling work for London Underground including the reconstruction of Piccadilly Circus tube station and the expansion of the Central line. In the 1930s he and Mowlem were instrumental in introducing geotechnical processes to the UK. Upon the outbreak of the Second World War, Harding was placed in charge of defence and emergency repair of underground services in London. He built pre-cast concrete petrol barges and eight of the Mulberry Harbour segments used in the Normandy Landings. He was also a founding director of Soil Mechanics Ltd, a subsidiary of Mowlem dedicated to work in geotechnics. After the war Harding was involved with investigations into the feasibility of construction of a Channel Tunnel and sat on the tribunal investigating the Aberfan disaster of 1966. Harding was elected president of the Institution of Civil Engineers, was the founding chairman of the British Tunnelling Society, fellow of the City and Guilds of London Institute and fellow of Imperial College. He was also a founder fellow of the Fellowship of Engineering and governor of three separate academic institutions: Westminster Technical College. Northampton Engineering College, and Imperial College. He received a knighthood in 1968."
49,"[An, individual, background, chess, title, This, person, governance, organization, federation, significant, period, event, organizer, chess, different, locales, European, regulations, game, draws, sport's, attractiveness, Their, company, variety, prestigious, chess, contests, Proficient, multiple, languages, individual, received, sports, educational, initiative, garnered, extensive, organization, partnered, global, cultural, entity, This, person, involved, several, debates, including, one, major, chess]","An individual with a background in chess, holding the title of International Master, was associated with a national chess team and collaborated with elite players. This person had a governance role in a chess organization and has been leading a federation for a significant period. As an event organizer, they initiated a series of chess tournaments in different locales, with a final in a well-known European city. They are credited with introducing regulations to reduce early game draws, thus increasing the sport's attractiveness for viewers and partners. Their company has overseen a variety of prestigious chess events, including high-level matches and continental contests. Proficient in multiple languages, this individual received an accolade from a state figure for contributions to sports and education. They advocated for an educational chess initiative, which garnered extensive legislative support. Under their leadership, the chess organization partnered with a global cultural entity, enabling them to host events with its support. This person has been involved in several debates, including one at a major chess competition."
50,"[A, person, person, person, This, person, person, person]","A person, GBE (born on a date in the 19th century – died in the mid-20th century) was a British civil engineer and steel maker. This person was born in a town in Yorkshire. They were the child of parents. In a year in the late 19th century, this person married a partner, the child of a director of a brewery company. Together they had children. This person was a steel maker and in a year in the early 20th century was elected Master Cutler, the head of the Company of Cutlers in a region and ambassador of industry for a city. Their tenure as Master Cutler, a position which usually changes each year, lasted until a year in the early 20th century due to the outbreak of a major conflict. In that year, they were awarded the honorary degree of Doctor of Engineering by a university. This person was elected president of the Institution of Civil Engineers for a session. On a date in the mid-1920s, they were appointed by the Home Secretary to sit on a commission which had been established to enquire into the conditions of mining and drainage in a county borough in South Yorkshire. The commission was a tribunal of inquiry as established by an act and was to establish what effect mining had had on drainage in the area, what the current efficiency of land drainage systems was and how best to manage the issue in the future. At the time of the inquiry, this person was a Knight Grand Cross of the Order of the British Empire, and hence entitled to use the title of ""Sir"". Their partner died in the late 1930s and by the early 1940s they were living in a district in Sheffield. This person died on a date in the mid-20th century."
